node_id,lat,lon,tags
2075439629,52.0731902,-1.3248444,{}
2075439546,52.0731243,-1.3247742,{}
2075439740,52.0729185,-1.3262691,{}
2075439798,52.0729927,-1.3262826,{}
2075439655,52.0725172,-1.3268043,{}
2065986488,52.071801,-1.327336,{}
455915503,52.071764,-1.3274527,{}
2075439813,52.0719445,-1.328114,{}
370453270,52.0721129,-1.3294198,{}
370453269,52.0721053,-1.3295109,{}
8315700223,52.0718427,-1.3303329,{}
2075439737,52.071923,-1.3304916,{}
2075439536,52.0718828,-1.3304946,{}
8315700224,52.071863,-1.3305017,{}
2075439779,52.071843,-1.3305089,{}
602320316,52.0719136,-1.3350523,{}
31422737,52.0717703,-1.3351875,{}
31422736,52.0718999,-1.3352095,{}
24459500,52.0718825,-1.3355242,{}
10242013,52.0720086,-1.3355267,{}
2072389272,52.072049,-1.33598,{}
2072389002,52.0721097,-1.3361262,{}
2072389022,52.0722593,-1.3361677,{}
2072389339,52.0725333,-1.3366153,{}
1890385983,52.0724844,-1.3366752,"{'crossing': 'traffic_signals', 'highway': 'crossing'}"
2072389408,52.0724396,-1.3367318,{}
8438246935,52.072511,-1.3367284,"{'highway': 'traffic_signals', 'traffic_signals': 'crossing', 'traffic_signals:direction': 'forward'}"
602320193,52.0725768,-1.3367004,{}
2072389114,52.0726124,-1.3367756,{}
24459484,52.0725644,-1.3368353,{}
2072389205,52.072485,-1.3368952,{}
602320202,52.0726469,-1.3368537,{}
1496365514,52.0726535,-1.3370124,{}
24459474,52.0726099,-1.3371232,{}
25289230,52.0726765,-1.3371398,{}
602320204,52.0727821,-1.3371024,{}
24459487,52.0727381,-1.3371835,{}
602320206,52.0728081,-1.3371491,{}
602320207,52.0728276,-1.3371784,{}
25289229,52.0727729,-1.3372242,{}
2072389170,52.0728492,-1.3372018,{}
2007375080,52.0728377,-1.3373052,{}
567615,52.0728031,-1.3372737,{}
2072389483,52.0728723,-1.3372215,{}
2007374931,52.072837,-1.3373581,{}
2072389397,52.072899,-1.3372362,{}
2007375195,52.0728807,-1.3373336,{}
2072389489,52.0729284,-1.3372494,{}
2072389158,52.0729573,-1.3372538,{}
2007374996,52.0729329,-1.3373526,{}
2007375160,52.0729822,-1.3373573,{}
2072389225,52.0729858,-1.3372528,{}
2007375299,52.0730444,-1.3373583,{}
2072389028,52.0730203,-1.3372406,{}
603017952,52.0733107,-1.3372174,"{'button_operated': 'yes', 'crossing': 'traffic_signals', 'crossing:island': 'no', 'crossing_ref': 'pelican', 'highway': 'crossing', 'traffic_signals:sound': 'yes'}"
8438246937,52.0732841,-1.337235,"{'highway': 'traffic_signals', 'traffic_signals': 'crossing', 'traffic_signals:direction': 'forward'}"
2007375178,52.0733355,-1.3373274,{}
603017965,52.0733548,-1.3373169,{}
2007375054,52.0733759,-1.3373119,{}
3055725017,52.0734257,-1.3374683,{}
1025742658,52.0734922,-1.3371159,{}
2007375283,52.0759673,-1.3371015,{}
603017991,52.0759906,-1.3371059,{}
603017938,52.0760715,-1.3370964,"{'crossing': 'unmarked', 'crossing:island': 'no', 'highway': 'crossing', 'kerb': 'lowered', 'tactile_paving': 'yes'}"
603017992,52.0761048,-1.3370761,{}
2007375022,52.0763347,-1.3368084,{}
603017997,52.0768189,-1.3368199,{}
2007375175,52.0774691,-1.3369528,{}
1628235181,52.0777508,-1.3369355,{}
517958030,52.0780285,-1.3369406,{}
8531511712,52.0780717,-1.3369363,{}
602367625,52.0782348,-1.3369202,{}
8531511698,52.0785062,-1.3369254,{}
5078336338,52.079639,-1.3368028,{}
8726330553,52.0802926,-1.3368552,{}
2121267519,52.0816249,-1.3366435,{}
2121267520,52.0816705,-1.3366654,{}
603017931,52.0816946,-1.3366779,{}
2121267522,52.0817398,-1.3367511,{}
381038838,52.0817665,-1.3368142,{}
5111411708,52.0819971,-1.3380752,{}
11058151393,52.0819638,-1.338992,{}
11058151394,52.0820156,-1.339,{}
8725428799,52.0818796,-1.34004,{}
376046245,52.0816493,-1.3410938,{}
376045158,52.081691,-1.3411948,{}
376045157,52.0817701,-1.3412104,{}
376046230,52.0816878,-1.3414992,{}
1628235145,52.081709,-1.3415082,{}
1628235123,52.0814494,-1.3421399,{}
8105781261,52.0812547,-1.3427656,{'highway': 'turning_circle'}
2121570466,52.0811928,-1.3435981,{}
2121570464,52.0811466,-1.3435993,{}
2121570465,52.0811764,-1.343671,{}
383254548,52.0807338,-1.3454396,{}
1628235201,52.0803202,-1.3461122,{}
346413934,52.0803773,-1.3462775,{}
347778101,52.079671,-1.3468461,{}
1628235210,52.0795587,-1.3468257,{}
1356277072,52.0796615,-1.3468976,{}
1628235100,52.0785515,-1.3509536,{}
1628235226,52.0793048,-1.353735,{}
1628235197,52.0795175,-1.3543774,{}
1628234878,52.0795702,-1.3545679,{}
7116168762,52.0794988,-1.3549135,{}
1628235035,52.0796131,-1.3549166,{}
7116168761,52.0795368,-1.355019,{}
1628235192,52.079745,-1.3551848,{}
8237516096,52.0799775,-1.3560198,{}
8237516095,52.0800037,-1.356148,{}
1628234991,52.0806252,-1.3581205,{}
2121570448,52.0805468,-1.358359,{}
602680334,52.080649,-1.3589709,{}
1628234904,52.0806174,-1.3598559,{}
1628235228,52.0805682,-1.3600423,{}
2025075732,52.0804873,-1.3601795,{}
1628235056,52.0804252,-1.3602847,{}
2121267501,52.0803179,-1.3603125,{}
602680356,52.0803972,-1.3603483,{}
2121267502,52.080354,-1.3604256,{}
2121267503,52.0803663,-1.360454,{}
1628234838,52.0801422,-1.3606297,{}
1628235127,52.0801999,-1.3606967,{}
1628234867,52.0794581,-1.3625528,{}
1628234984,52.0795632,-1.3631745,{}
1628235109,52.0794093,-1.3635999,{}
1628235011,52.0793048,-1.3637276,{}
370923108,52.0793754,-1.3640577,{}
8866152479,52.0792324,-1.3640928,{}
2121267486,52.0793222,-1.3641591,{}
27512478,52.0792517,-1.3641772,{}
8866152490,52.079239,-1.3643651,{}
1628235208,52.0793938,-1.3643888,{}
27512467,52.0795969,-1.3644693,{}
8866152486,52.0794285,-1.364994,{}
8866152484,52.0794978,-1.3654232,{}
1628234921,52.0795834,-1.3655661,{}
6538690401,52.079498,-1.3656543,{}
12232199080,52.0793864,-1.3673506,{}
1628234957,52.0792627,-1.3673664,{}
2121603586,52.0793099,-1.3674164,{}
602680353,52.0790373,-1.3676223,{}
2121603554,52.0788699,-1.3677955,{}
1495615276,52.0789564,-1.3679041,{}
8712115811,52.0788485,-1.3679311,{}
2121603552,52.0788174,-1.3678165,{}
12469520330,52.0784043,-1.3677992,{}
12469520329,52.0781976,-1.3676664,{}
15830388,52.0775457,-1.3671674,{'created_by': 'JOSM'}
2203590434,52.0773787,-1.367075,{}
2121603515,52.0771111,-1.3669271,{}
7772909263,52.0769856,-1.3668664,{}
15830386,52.0766175,-1.3666883,{'created_by': 'JOSM'}
27412051,52.0764115,-1.3666036,{}
2121603508,52.076118,-1.3664581,{}
2121603506,52.0758979,-1.3663295,{}
27412050,52.0756587,-1.3661519,{}
2121603502,52.0753052,-1.3657257,{}
2121603489,52.0752085,-1.3657482,{}
27412038,52.0751657,-1.3656669,{}
2121603498,52.0752648,-1.3656026,{}
2121603476,52.0752008,-1.3656125,{}
1628234881,52.0752296,-1.3655416,{}
2121603494,52.0752446,-1.3654824,{}
27412042,52.0752515,-1.3654138,{}
2121603496,52.0752454,-1.3653188,{}
27412041,52.0752177,-1.365186,{}
2121603475,52.0751835,-1.3651132,{}
2121603473,52.0751397,-1.3650236,{}
2121603455,52.0746915,-1.3648664,{}
2121603451,52.0746131,-1.3649237,{}
2121603446,52.0745808,-1.3648604,{}
2121603448,52.0746034,-1.364818,{}
2121603443,52.0745559,-1.364804,{'note': 'There are no turn restriction signs here'}
602467044,52.0742272,-1.364596,{}
2024924896,52.0741606,-1.3645352,{}
15830381,52.0741929,-1.3643991,{}
602467045,52.0738191,-1.3642441,{}
602467046,52.073844,-1.3641641,"{'crossing': 'traffic_signals', 'crossing_ref': 'toucan', 'highway': 'traffic_signals', 'traffic_signals': 'signal', 'traffic_signals:direction': 'both'}"
602467059,52.0735838,-1.3640847,{}
28212761,52.0735971,-1.3640068,{'created_by': 'JOSM'}
602467060,52.0729669,-1.3639126,{}
27412070,52.0729737,-1.3638329,{'created_by': 'JOSM'}
2025439813,52.0727392,-1.3638738,{}
2025439815,52.0727377,-1.3637883,{}
2121603310,52.071321,-1.3635984,{}
8418317690,52.0713636,-1.363489,{}
2121603284,52.0710517,-1.3641502,{}
6538788954,52.0710352,-1.3658497,{}
2121603269,52.0708574,-1.3665071,"{'highway': 'turning_circle', 'note': ""Fix me asked if connected\n\nNo has a row of fixed bollards at end of road since the late 90's""}"
1628268361,52.070825,-1.3677127,{}
15830391,52.0710092,-1.3685194,{}
8714834666,52.0703502,-1.3685201,{}
679176612,52.0699519,-1.3684955,{}
457667176,52.0697146,-1.3684982,{}
602362583,52.0691495,-1.3684807,{}
6556979037,52.0688553,-1.3684724,{}
725304162,52.0685273,-1.368458,{}
457667174,52.0682108,-1.3684426,{}
2121603194,52.0681366,-1.3684322,{}
10838365655,52.0680523,-1.3684039,{}
457667172,52.067953,-1.3683678,{}
8714834664,52.0678632,-1.3682847,{}
8714834663,52.0678221,-1.3682297,{}
8714834661,52.0677973,-1.3681991,{}
8714834662,52.0677709,-1.3681654,{}
8714834660,52.0677426,-1.3681232,{'traffic_calming': 'chicane'}
2121603179,52.0675513,-1.368127,{}
725304171,52.0676456,-1.3679991,{}
457667168,52.0675867,-1.3678996,{}
8714834658,52.0670963,-1.3656053,{}
457667159,52.0670426,-1.3655504,"{'direction': 'backward', 'source': 'Bing', 'traffic_calming': 'choker'}"
2157487112,52.0670158,-1.3654836,{}
5273173482,52.0669793,-1.3654078,{}
5673509180,52.0667973,-1.3653943,{}
457667157,52.0668878,-1.3653069,{}
2157487107,52.0668325,-1.3652465,{}
5599678459,52.0667455,-1.3652028,{}
457667155,52.0666351,-1.3651656,{}
2157487102,52.0665049,-1.3651584,{}
5673509191,52.0664473,-1.3651688,{}
458378288,52.0656609,-1.3652853,{}
457667148,52.0655982,-1.3652795,{}
8714834656,52.0654867,-1.3652674,{}
457667146,52.0653035,-1.3651926,{}
457667142,52.0651002,-1.3650623,{}
2597208820,52.0646713,-1.3647093,"{'direction': 'backward', 'surface': 'concrete', 'traffic_calming': 'choker'}"
5673476241,52.0645323,-1.364629,{}
457667130,52.0635707,-1.3641038,{}
304535274,52.0629859,-1.3642788,{}
2081086343,52.0610823,-1.3649335,{}
5603513586,52.0610678,-1.3649309,{}
2081086329,52.0609206,-1.3649128,{}
5597999362,52.0600555,-1.3645704,{}
5673486769,52.0599203,-1.3645547,{}
5673486764,52.0598947,-1.364508,{}
28235832,52.059896,-1.364468,{}
2081086255,52.059392,-1.3641204,"{'direction': 'both', 'surface': 'concrete', 'traffic_calming': 'bump'}"
5597999392,52.0589798,-1.3638113,{}
2081086241,52.0567016,-1.3586618,{}
28235716,52.0575177,-1.354746,{}
1628201690,52.0573971,-1.3533062,{}
25289367,52.056849,-1.3525428,{}
3260623,52.056833,-1.3524728,{}
25289366,52.0568147,-1.3524237,{}
25289350,52.0567916,-1.3523802,{}
25289365,52.0567644,-1.3523435,{}
3260601,52.0567339,-1.3523145,{}
25289351,52.0567026,-1.352295,{}
25289364,52.0566697,-1.3522837,{}
3260613,52.0566362,-1.3522808,{}
25289352,52.0566028,-1.3522866,{}
3260598,52.0565704,-1.3523008,{}
25289363,52.0565397,-1.3523231,{}
9120945811,52.056475,-1.3521265,{}
8532106462,52.0564466,-1.352082,"{'crossing': 'unmarked', 'crossing:markings': 'no', 'highway': 'crossing'}"
96154116,52.0561989,-1.3516647,{}
746900547,52.0559735,-1.3513098,{}
1838897295,52.055997,-1.3512693,{}
96154117,52.0559408,-1.3512582,{}
8701198810,52.0557622,-1.3510599,{}
8532106460,52.0558046,-1.3510259,"{'crossing': 'unmarked', 'crossing:markings': 'no', 'highway': 'crossing'}"
1584984108,52.0555596,-1.3507222,{}
96154119,52.0555662,-1.3506194,{}
414912344,52.0554541,-1.3504217,{}
1838897238,52.0555369,-1.3503033,{}
9422036197,52.0554194,-1.3500416,{}
96154120,52.0549419,-1.3494696,{}
8532106458,52.0549235,-1.3494311,"{'crossing': 'unmarked', 'crossing:markings': 'no', 'highway': 'crossing'}"
7580366997,52.0547042,-1.3489736,{}
7580371915,52.0542528,-1.3480316,{}
414912339,52.0542058,-1.3479335,{}
414912338,52.0541474,-1.3479114,{}
9420266835,52.0538706,-1.3471827,{}
96154121,52.0537894,-1.3470008,{}
10020236180,52.0536355,-1.3466574,{}
2147670094,52.0533825,-1.3460929,{}
2147670097,52.0534765,-1.3459229,{}
691122606,52.0533947,-1.3457916,{}
414912348,52.0532909,-1.3459003,{}
414912349,52.0532212,-1.345894,{}
2147670092,52.05324,-1.3457585,"{'crossing': 'unmarked', 'crossing:markings': 'no', 'highway': 'crossing', 'kerb': 'flush', 'tactile_paving': 'yes'}"
2147670090,52.0530489,-1.3459088,"{'crossing': 'unmarked', 'crossing:markings': 'no', 'highway': 'crossing', 'kerb': 'flush', 'tactile_paving': 'yes'}"
414912346,52.0531525,-1.3459584,{}
414912347,52.0531261,-1.3460707,{}
3260553,52.0536114,-1.3471558,{}
414912350,52.0540775,-1.3479746,{}
414912351,52.0540412,-1.3481235,{}
441532308,52.0541592,-1.3484004,{}
1838748058,52.0541217,-1.3484442,{}
8701198812,52.054473,-1.3490616,{}
9873063870,52.0545248,-1.3494535,{}
3260558,52.0547877,-1.3497202,{}
1838748081,52.0547607,-1.3497615,{}
8532106457,52.0548427,-1.3498416,"{'crossing': 'unmarked', 'crossing:markings': 'no', 'highway': 'crossing'}"
25289504,52.0554096,-1.3508252,{}
1584984104,52.0555364,-1.350784,{}
1584984096,52.0554684,-1.3508315,{}
1584984100,52.0555055,-1.3508201,{}
8701198811,52.0556623,-1.3510857,{}
8532106459,52.0556176,-1.3511704,"{'crossing': 'unmarked', 'crossing:island': 'no', 'crossing:markings': 'no', 'highway': 'crossing'}"
3260562,52.0558228,-1.3515068,{}
8701207174,52.0558465,-1.3515461,{}
25289505,52.0560896,-1.3519495,{}
8532106461,52.0563039,-1.3523206,"{'crossing': 'unmarked', 'crossing:markings': 'no', 'highway': 'crossing'}"
9121007121,52.0563376,-1.3523778,{}
25289353,52.056499,-1.3523701,{}
414912342,52.056466,-1.3524311,{}
25289362,52.0564427,-1.352503,{}
3260595,52.0564346,-1.3525447,{}
25289361,52.0564299,-1.3525878,{}
25289354,52.0564284,-1.3526315,{}
25289360,52.0564304,-1.3526752,{}
3260610,52.0564357,-1.3527181,{}
9889823684,52.0563962,-1.3527695,{}
25289355,52.0564591,-1.3528074,{}
8532106464,52.0563633,-1.3529013,"{'crossing': 'unmarked', 'crossing:markings': 'no', 'highway': 'crossing', 'tactile_paving': 'yes'}"
25289359,52.0564967,-1.3528827,{}
11346216415,52.0565457,-1.3529381,{}
8532106465,52.056462,-1.3530268,"{'crossing': 'unmarked', 'crossing:markings': 'no', 'highway': 'crossing', 'tactile_paving': 'yes'}"
3260566,52.0566022,-1.3529693,{}
25289347,52.0566475,-1.3529753,{}
25289357,52.0566926,-1.3529655,{}
13797610,52.0567353,-1.3529405,{}
5612292257,52.0568206,-1.3530807,"{'crossing': 'unmarked', 'crossing:island': 'no', 'crossing:markings': 'no', 'highway': 'crossing', 'tactile_paving': 'no'}"
9120897861,52.0568382,-1.353045,"{'barrier': 'kerb', 'kerb': 'flush', 'tactile_paving': 'no', 'wheelchair': 'yes'}"
25289348,52.0567783,-1.3528954,{}
9120945810,52.0568135,-1.3528351,{}
3260621,52.0568388,-1.3527629,{}
25289349,52.056852,-1.3526913,{}
25289509,52.0586314,-1.3499303,{}
28225499,52.0590258,-1.3466222,{}
9124503446,52.0590245,-1.3465802,{}
1980090266,52.0591193,-1.3437568,{}
10241931,52.0594741,-1.3430234,{}
8631690404,52.0601725,-1.3407122,"{'barrier': 'kerb', 'kerb': 'flush', 'tactile_paving': 'yes', 'wheelchair': 'yes'}"
9481488082,52.0603079,-1.3404828,{}
8697729025,52.0603605,-1.3404297,{}
746900392,52.0604568,-1.3402929,"{'button_operated': 'yes', 'crossing': 'traffic_signals', 'crossing_ref': 'pelican', 'highway': 'crossing', 'tactile_paving': 'yes', 'traffic_signals': 'pedestrian_crossing', 'traffic_signals:direction': 'forward', 'traffic_signals:sound': 'yes', 'traffic_signals:vibration': 'yes'}"
2440774256,52.0604469,-1.3402191,{}
8696914983,52.0603667,-1.3401452,{}
8696914984,52.0602873,-1.3401411,{}
8631690412,52.0604578,-1.3400054,{}
8631690411,52.0603391,-1.3399746,{}
9123129404,52.0603113,-1.3399067,{}
8631690410,52.0603094,-1.3398114,{}
9123129405,52.0602882,-1.3398042,"{'barrier': 'kerb', 'kerb': 'flush', 'wheelchair': 'yes'}"
12088913731,52.0605219,-1.3338712,{}
9977423631,52.0605486,-1.334086,{}
9977423633,52.0604413,-1.3341172,{}
9977423635,52.060351,-1.3341412,{}
9977423632,52.0603332,-1.3341458,{}
410023,52.060556,-1.3341456,{}
25289488,52.0606113,-1.3345604,{}
414912425,52.0605835,-1.3346673,{}
414912430,52.0605341,-1.3348051,{}
414912431,52.0604299,-1.3349515,{}
414912424,52.0602729,-1.3350262,{}
6946123124,52.0602051,-1.3350699,{}
8279054360,52.0597287,-1.335377,{}
414912434,52.0591733,-1.335735,{}
8425607906,52.0594566,-1.336607,"{'direction': 'forward', 'highway': 'give_way'}"
428625989,52.0594146,-1.3366293,{}
8411922484,52.0593437,-1.3366622,"{'traffic_sign': 'Restricted_Access', 'traffic_sign:direction': 'backward'}"
602330985,52.0594691,-1.3367756,{}
1963852830,52.059527,-1.3368822,{}
8712199327,52.0594841,-1.3369805,{}
8712199325,52.0594701,-1.3370127,{}
1963852648,52.0595938,-1.3369722,{}
8712199328,52.059543,-1.3370617,{}
8712199332,52.0595685,-1.3370865,{}
428625979,52.0596538,-1.3370414,{}
8712199329,52.0596267,-1.3371435,{}
8712199330,52.0596816,-1.3371475,{}
8712199331,52.0597317,-1.3371261,{}
8712199333,52.0598258,-1.3372285,{}
1981811488,52.0598509,-1.3372558,{}
1981811522,52.0598603,-1.337279,{}
1981811428,52.0598619,-1.3372944,{}
1981811390,52.0598627,-1.3373106,{}
1981811493,52.0598603,-1.337331,{}
1088234965,52.059901,-1.3373103,{}
1981811455,52.0598527,-1.3373641,{}
8425607905,52.0598347,-1.3374236,{'barrier': 'height_restrictor'}
1981811500,52.059909,-1.337359,{}
1981811377,52.059894,-1.3373763,{}
1981811445,52.0599245,-1.3373561,{}
1981811338,52.059886,-1.3373967,{}
1981811294,52.059941,-1.3373602,{}
1981811270,52.0599633,-1.3373731,{}
1981811253,52.0599716,-1.3376317,{}
428625980,52.0601564,-1.3375677,{}
8852817154,52.0602158,-1.3376164,{}
7438404086,52.0602818,-1.3376706,{}
8909686775,52.060396,-1.3377643,{}
8909686776,52.0603589,-1.3378949,{}
428625991,52.0604717,-1.3378264,{}
8909686777,52.0603531,-1.33797,{}
1982029922,52.0605266,-1.3378499,{}
1963852638,52.0605755,-1.337865,"{'crossing': 'marked', 'crossing:markings': 'yes', 'crossing_ref': 'zebra', 'highway': 'crossing', 'tactile_paving': 'yes'}"
1963852781,52.0605288,-1.3379017,{}
8852837819,52.060572,-1.3379314,{}
1982029752,52.060556,-1.3379535,"{'crossing': 'marked', 'crossing:markings': 'yes', 'crossing_ref': 'zebra', 'highway': 'crossing', 'tactile_paving': 'yes'}"
8909686779,52.0605308,-1.3379922,{}
8909686780,52.0605222,-1.3380264,{}
1963852646,52.0605822,-1.3380134,{}
8683026498,52.060884,-1.3374246,{}
8683026499,52.0608617,-1.3374004,{}
8683026495,52.061053,-1.3373541,{}
1982029969,52.0610198,-1.3372965,{}
8683026497,52.0609475,-1.3372707,{}
1982029661,52.0609626,-1.3372529,{}
8683026496,52.0609848,-1.3372422,{}
732287947,52.0610606,-1.3370487,{}
1962166617,52.061155,-1.3369677,{}
8696867702,52.06108,-1.3365846,{}
8696867700,52.061033,-1.3365055,{}
8696867701,52.0610747,-1.3364981,{}
8003873927,52.0618536,-1.3346532,{}
1961939186,52.061972,-1.3335895,{}
414912446,52.0619645,-1.33345,{}
414912451,52.0619601,-1.3335319,{}
414912447,52.0621683,-1.3335637,{}
414912453,52.0621737,-1.33352,{}
1962166138,52.0623812,-1.3345674,{}
1962166648,52.0622533,-1.334716,{}
1962166803,52.0622665,-1.3347235,{}
1962166227,52.0622844,-1.3347336,{}
8697761613,52.0623104,-1.3347473,{}
1962166195,52.0623133,-1.3347825,{}
1962166111,52.0623117,-1.3348429,{}
1962166524,52.0622935,-1.3350293,{}
1962166571,52.0622762,-1.3352291,{}
1962166792,52.062171,-1.3352624,{}
4743630893,52.0621167,-1.3355574,{}
1962166076,52.0621376,-1.3355654,{}
1962166680,52.0621357,-1.3356063,{}
429422792,52.0623187,-1.3356565,{}
429422793,52.0622323,-1.335624,{}
429422794,52.062169,-1.3356132,{}
1962166057,52.062244,-1.3355443,{}
1962166667,52.0622116,-1.3355675,{}
1962166338,52.0622345,-1.3355554,{}
1962166133,52.0622211,-1.3355629,{}
1962166158,52.0622515,-1.3355254,{}
4743630894,52.0621712,-1.3355659,{}
8866083610,52.0620036,-1.3356245,{}
9104987527,52.0619537,-1.335609,{}
9104987530,52.0619379,-1.3356879,{}
7252839786,52.0619598,-1.335598,{}
9104987531,52.0619351,-1.3357012,{}
9104987533,52.0619206,-1.3357622,{}
4743630902,52.0619113,-1.3358036,{}
1962166103,52.0619667,-1.335825,{}
7252839785,52.0619594,-1.3358382,{}
1962166537,52.0619984,-1.3357983,{}
1962166177,52.0620294,-1.3357841,{}
4743630898,52.0623307,-1.3360062,{}
8697729062,52.0624383,-1.3361445,{}
1962166722,52.062374,-1.3364462,{}
429421939,52.0623743,-1.3365272,{}
1962166565,52.0623686,-1.3365987,{}
1962166261,52.0623557,-1.3367152,{}
429421940,52.0622449,-1.3372876,{}
732287955,52.0620795,-1.3380892,{}
1962166621,52.0620749,-1.3383556,{}
1962166279,52.0620748,-1.3385933,{}
429421943,52.0620902,-1.3388188,{}
1990337861,52.0621632,-1.3396696,{}
1990337807,52.0621961,-1.3396937,{}
1990337969,52.0622365,-1.3397192,{}
1990337895,52.0622769,-1.3397353,{}
1990338009,52.0622625,-1.3395941,{}
1990337997,52.0623241,-1.3397475,{}
25289632,52.0626474,-1.3395621,{}
1990337811,52.0631123,-1.3395169,{}
1990337909,52.0631406,-1.3395324,{}
1990337920,52.0631625,-1.3395531,{}
1990337818,52.0631798,-1.3395745,{}
2506120098,52.0634267,-1.339843,{'highway': 'crossing'}
8862875836,52.0635853,-1.3377972,{}
27501873,52.0634045,-1.3360904,{}
602362890,52.0633672,-1.3360477,{}
602362891,52.0634347,-1.3361013,{}
602362892,52.0634653,-1.3360963,{}
27501875,52.0634964,-1.3360726,{}
27501874,52.0635367,-1.3359646,{}
602362894,52.0635186,-1.3360372,{}
602362895,52.063533,-1.3359912,{}
602362896,52.0635352,-1.335909,{}
1982107024,52.0635598,-1.3359761,{}
1982107105,52.0635912,-1.3360028,{}
9382422999,52.0639001,-1.3362669,{}
1983635407,52.0640247,-1.3359606,{}
27501885,52.0641158,-1.3361183,{}
9382487034,52.0643686,-1.3362342,{}
9382487035,52.0643564,-1.3361572,{}
1982106801,52.0646698,-1.3357602,{}
361440014,52.0648841,-1.3357526,{}
361440013,52.0649038,-1.335722,{}
359461465,52.0649185,-1.335695,{}
359461466,52.0649165,-1.3356605,{}
1982106765,52.0649103,-1.3356325,{}
1982106815,52.0648972,-1.3356049,{}
359461467,52.0648779,-1.3355688,{}
1982106770,52.064878,-1.3354218,{}
1025742709,52.0651121,-1.334672,{}
1025742682,52.0652588,-1.3347137,{}
1982107172,52.0653085,-1.3347159,{}
1025742604,52.0653462,-1.3347029,{}
1982107139,52.0653749,-1.3346814,{}
1025742639,52.065501,-1.3344285,{}
1982106979,52.0655143,-1.3343309,{}
1985636599,52.0657704,-1.3338102,{}
602362704,52.0658272,-1.3337185,{}
1985636484,52.0658595,-1.3336695,{}
1985636824,52.0658888,-1.3336174,{}
1025742647,52.0660174,-1.3333915,{}
1985776562,52.0660351,-1.3333857,{}
1985776401,52.066049,-1.3333757,{}
1025742684,52.0660662,-1.3333624,{}
1025742702,52.0661141,-1.3333182,{}
1025742720,52.0661685,-1.3332645,{}
1985636385,52.066062,-1.3331616,{}
1025742664,52.0662335,-1.333211,{}
370452921,52.0661101,-1.333089,{}
1985636420,52.0661708,-1.3330145,{}
1985636571,52.0662287,-1.3329489,{}
1985636376,52.0663193,-1.3328661,{}
1985636483,52.0663585,-1.3328421,{}
1985636574,52.0665531,-1.332738,{}
1985636459,52.0680187,-1.333062,{}
370452936,52.0680613,-1.3330658,{}
1985636424,52.068277,-1.3331232,{}
1985636393,52.068331,-1.3331307,{}
370452937,52.0683757,-1.3331336,{}
370452940,52.0686543,-1.3329866,{}
370452941,52.0687065,-1.3329401,{}
6900291198,52.0689692,-1.3327751,{}
1985636795,52.0689215,-1.3327151,{}
370452946,52.0696909,-1.3322363,{}
602320355,52.0708,-1.3322625,{}
1985636454,52.0708069,-1.3321593,{}
1985636388,52.0708305,-1.3320308,{}
1611154306,52.0710523,-1.3319438,{}
602320266,52.0709748,-1.3318324,{}
8602498137,52.0712157,-1.3317776,{}
1985636734,52.0713295,-1.33176,{}
9085999020,52.0714479,-1.3319547,{}
9085999021,52.0715578,-1.3320484,{}
1985636595,52.071518,-1.3322238,{}
1985636564,52.0715526,-1.3323123,{}
1985636785,52.0715468,-1.3323219,{}
1985636546,52.0715271,-1.3324093,{}
1985636602,52.0715279,-1.3323606,{}
1985636433,52.071537,-1.3323382,{}
1985636764,52.0715262,-1.3323874,{}
1985636404,52.0715716,-1.3322966,{}
8898167312,52.0716764,-1.3323801,{}
1985636396,52.0716672,-1.3322935,{}
1985636601,52.0716664,-1.332264,"{'barrier': 'height_restrictor', 'maxheight': '5'}"
6616228924,52.0724913,-1.3270487,{}
2075439649,52.0730691,-1.3261645,{}
6749361479,52.0730654,-1.3262216,{}
12039416597,52.0730952,-1.3264571,{}
370453562,52.0730595,-1.3264684,{}
11536897681,52.0730008,-1.3264992,{'barrier': 'bollard'}
2075439576,52.0723975,-1.326906,{}
2075439696,52.0719112,-1.3278288,{}
602320290,52.0718401,-1.3320994,{}
602320308,52.0718466,-1.334729,{}
2072389036,52.0718557,-1.3348469,{}
602320190,52.0720868,-1.3355276,{}
8904625706,52.0721297,-1.3356406,{}
2072389341,52.0719682,-1.3357642,{}
2072389409,52.0721252,-1.3358388,{}
2072389242,52.0723577,-1.3362226,{}
24459489,52.0731321,-1.3373355,{}
603017954,52.0757326,-1.3366841,{}
10242500889,52.0758668,-1.3366847,{}
10242500890,52.0759409,-1.336739,{}
2007375168,52.0761349,-1.3370593,{}
2007375317,52.0761529,-1.3370393,{}
2072389442,52.0764761,-1.3366051,{}
5078336339,52.078774,-1.3369195,{}
8531511699,52.0790031,-1.3368772,{}
603017930,52.0816981,-1.3364497,{}
2005671322,52.0816358,-1.3365828,{}
2005364536,52.0817607,-1.3366155,{}
2005671252,52.08173,-1.3366384,{}
8726330542,52.0817839,-1.3367551,{}
2121267524,52.0818541,-1.3375711,{}
370923146,52.0819,-1.339749,{}
1490205543,52.081898,-1.3407407,{}
8904652332,52.0818149,-1.3410393,{}
1628235187,52.0818132,-1.3410614,{}
376044649,52.0816584,-1.3421364,{}
1628235110,52.081492,-1.3425133,{}
370923138,52.0803873,-1.3460118,{}
1628235215,52.0797153,-1.346591,{}
1628235183,52.079628,-1.3466931,{}
1628234928,52.0794993,-1.3469491,{}
1628234888,52.0790856,-1.3476491,{}
347777951,52.0793149,-1.3531707,{}
4635822084,52.0793007,-1.3532023,{}
2121570355,52.0792836,-1.3532749,{}
347777937,52.0792821,-1.3533457,{}
2121570370,52.0794474,-1.3537218,{}
346413893,52.079483,-1.3537886,{}
2121570379,52.079639,-1.3545532,{}
346413890,52.079851,-1.3552176,{}
2121570387,52.0798953,-1.3553298,{}
8533585037,52.0802266,-1.3560565,{'traffic_calming': 'bump'}
1490203106,52.0802413,-1.3560887,{}
2121570435,52.0803299,-1.3562046,{}
2121570430,52.0802567,-1.3562702,{}
346413889,52.0803697,-1.3562898,{'traffic_calming': 'bump'}
1490203108,52.0802707,-1.3563599,{'traffic_calming': 'bump'}
1628536852,52.0804394,-1.356544,{}
1490203107,52.0805464,-1.3569544,{'traffic_calming': 'bump'}
1490203098,52.0804479,-1.3569975,{'traffic_calming': 'bump'}
2121570450,52.0805599,-1.3570625,{}
2121570446,52.0804867,-1.3571086,{}
4927203472,52.0805992,-1.3571337,{}
1490203097,52.0805523,-1.3572192,{}
4927203473,52.0806182,-1.3572396,{}
8533585036,52.0805639,-1.3572775,{'traffic_calming': 'bump'}
4927203474,52.08068,-1.3575387,{}
346413887,52.0806417,-1.357668,{}
7116168768,52.080788,-1.3584094,{}
7116168767,52.0807458,-1.358421,{}
10313025782,52.0807902,-1.3584297,{}
10313025781,52.0808067,-1.3584577,{}
346413884,52.0807575,-1.3585108,{}
10313025780,52.0808265,-1.3586377,{}
10313025783,52.0808329,-1.3586773,{}
4927203467,52.0808176,-1.3586813,{}
10313025779,52.0808506,-1.3587872,{}
4927203466,52.0808234,-1.3589495,{}
2121570457,52.080772,-1.3589482,{}
370923116,52.0806473,-1.3595754,{}
2121267512,52.0806253,-1.3602277,{}
2121267511,52.0805917,-1.3602957,{}
347777792,52.0804344,-1.3605627,{}
2121267505,52.0803781,-1.360865,{}
1628234974,52.0799309,-1.3617308,{}
1628234842,52.0796223,-1.3625116,{}
2121267500,52.0797194,-1.3629823,{}
379795657,52.0793525,-1.3637897,{}
347778060,52.0795585,-1.3640023,{}
1490204735,52.0795202,-1.3640286,{}
11346216447,52.0794994,-1.3640534,{}
347778065,52.0794815,-1.3640839,{}
2121267489,52.0794587,-1.3641495,{}
27512472,52.0794497,-1.3642235,{}
347778067,52.0794554,-1.3642984,{}
1490204738,52.0794665,-1.3643427,{}
347778070,52.0794827,-1.3643825,{}
1490204737,52.0795036,-1.3644163,{}
347778062,52.0795319,-1.3644455,{}
347778073,52.0795635,-1.3644635,{}
2121267490,52.0795716,-1.3646162,{}
2121267493,52.079632,-1.3646943,{}
1628268353,52.0796299,-1.3648114,{}
12232199077,52.0797053,-1.3648209,{}
1628268321,52.079651,-1.3649601,{}
12232199074,52.0797307,-1.3650895,{}
1628268431,52.079684,-1.365287,{}
12232199075,52.0797534,-1.3654726,{}
2121603603,52.0796937,-1.3655144,{}
8564013353,52.079692,-1.3655759,{}
9945180753,52.0796924,-1.3656916,{}
12232199076,52.0797452,-1.3656959,{}
1628268293,52.0796864,-1.3657857,{}
2121603601,52.0796727,-1.3659927,{}
1628268350,52.0796409,-1.3662521,{}
6220853858,52.0797152,-1.3662983,{}
2121603599,52.0796034,-1.366452,{}
602680355,52.0791674,-1.3675425,{}
1628268297,52.07921,-1.3675743,{}
2121603547,52.0787656,-1.3677413,{}
602680350,52.0786365,-1.3677065,{}
2121603534,52.0785987,-1.367666,{}
2203590443,52.0775475,-1.3669632,{}
2203590446,52.0775684,-1.3668952,{}
2203590441,52.0775017,-1.3670038,{}
2203590437,52.077452,-1.3670103,{}
2121603492,52.0752239,-1.3649845,{}
1628235212,52.0752415,-1.3647753,{'note': 'There are no turn restriction signs here'}
2121603472,52.0751362,-1.3648684,{}
10823071086,52.075084,-1.3647282,{}
10823071084,52.0746469,-1.3647131,{}
10823071083,52.0744146,-1.3644901,{}
602467042,52.0742876,-1.3642527,{}
10823071082,52.0741986,-1.3642879,{}
462109759,52.0708917,-1.3652636,{}
679206981,52.0710354,-1.3664694,{}
2121603275,52.0710085,-1.3675523,{}
9956150436,52.0709657,-1.3685234,"{'highway': 'give_way', 'source': 'bing'}"
8714834665,52.0702904,-1.3684819,{}
2081086498,52.0637168,-1.3641248,{}
1628201714,52.0626718,-1.3644262,{}
5606251403,52.0625703,-1.3644703,{}
8714834652,52.0625324,-1.3644905,"{'direction': 'both', 'traffic_calming': 'bump'}"
725304137,52.0623559,-1.3645844,{}
5610595916,52.0623272,-1.3646391,{}
2081086361,52.0615048,-1.3649152,{}
5603513582,52.0612467,-1.3649516,{}
9956150264,52.0608884,-1.3649842,{}
2081086326,52.0608897,-1.3649085,{}
2081086323,52.0607857,-1.3648942,{}
5599666750,52.0600721,-1.3644665,{}
5610595920,52.0597508,-1.3642525,{}
5599666747,52.0597208,-1.364262,{}
5634113743,52.0594601,-1.3642888,{}
5597999472,52.0594515,-1.3642547,{}
28237657,52.0588879,-1.3625194,{}
5273142912,52.0590588,-1.3602843,{}
28235714,52.0574074,-1.3548412,{}
746900268,52.0570886,-1.3529719,{}
9120897862,52.056928,-1.3528624,"{'barrier': 'kerb', 'kerb': 'flush', 'tactile_paving': 'no', 'wheelchair': 'yes'}"
8532106463,52.056947,-1.3528238,"{'crossing': 'unmarked', 'crossing:island': 'no', 'crossing:markings': 'no', 'highway': 'crossing', 'tactile_paving': 'no'}"
5612292280,52.0569566,-1.3528043,"{'barrier': 'kerb', 'kerb': 'flush', 'tactile_paving': 'no', 'wheelchair': 'yes'}"
746900237,52.0571898,-1.3519106,{}
1838254953,52.0589589,-1.3493249,{}
9420266828,52.0592086,-1.3487678,{}
1838897277,52.0590985,-1.3487275,{}
9682499145,52.0591168,-1.3470124,{}
10241930,52.059203,-1.34361,{}
1980090285,52.0592722,-1.3434736,{}
8631690403,52.0602171,-1.3407162,{}
8631690402,52.0602246,-1.340651,{}
4035390531,52.0602464,-1.3405853,{}
8697729026,52.0604203,-1.3403878,{}
8696805924,52.0606294,-1.3386895,{}
8887894836,52.0611682,-1.3360884,{}
8887894823,52.0610363,-1.3360482,{}
8887894822,52.0611027,-1.33602,{}
8887894821,52.0611171,-1.3359409,{}
8887894819,52.0610524,-1.3358651,{}
8887894820,52.0611147,-1.3358544,{}
7953331120,52.0609614,-1.3356849,{'barrier': 'gate'}
1963852523,52.0609461,-1.3353619,{}
1963852821,52.0610319,-1.3353324,{}
8582709283,52.0619091,-1.3344975,{'highway': 'turning_circle'}
8866083574,52.0619722,-1.3344471,{}
8866083573,52.0620535,-1.3344477,{}
8582709282,52.0619934,-1.3336341,{}
8697761610,52.0622465,-1.3335798,{}
1961939086,52.0621751,-1.3336774,{}
8697761609,52.0621856,-1.3336962,"{'crossing': 'marked', 'crossing:island': 'yes', 'crossing:markings': 'yes', 'highway': 'crossing', 'tactile_paving': 'yes', 'traffic_calming': 'table'}"
429421928,52.0622006,-1.3337231,{}
1961939108,52.0622135,-1.3337733,{}
1962166485,52.0623503,-1.3340235,{}
1962166812,52.0623809,-1.3340543,{}
1962166382,52.0624023,-1.3342327,{}
1962166420,52.0623949,-1.3342997,{}
1962166175,52.0623949,-1.3343292,{}
1962166559,52.0623982,-1.3343575,{}
1962166665,52.062399,-1.3343896,{}
429421931,52.0621876,-1.3351355,{}
1962166547,52.0621506,-1.3353766,{}
1962166520,52.06226,-1.335485,{}
7252839787,52.0621053,-1.3355905,{}
1025742724,52.0620835,-1.3356536,{}
1985212522,52.0624205,-1.3358153,{}
1985212639,52.0623937,-1.3357939,{}
1985212501,52.0623716,-1.3357636,{}
1962166764,52.0623468,-1.3359987,{}
1962166105,52.0623605,-1.3360111,{}
538230523,52.0623792,-1.3360384,{}
7252839790,52.0623773,-1.336057,{}
4743630896,52.0624798,-1.3361625,{}
1985212773,52.062556,-1.3361956,{}
1962166505,52.0623399,-1.3368335,{}
429421942,52.0620971,-1.3378794,{}
1962166609,52.0620849,-1.3379859,{}
1962166470,52.0621278,-1.3391522,{}
1990337959,52.0621549,-1.339355,{}
1990337889,52.0621582,-1.3393906,{}
1990337862,52.0621599,-1.3394188,{}
1990337877,52.0621582,-1.3394523,{}
1990338024,52.0621542,-1.339486,{}
1990337957,52.062145,-1.3395261,{}
1990337838,52.0620251,-1.3396595,{}
1990337958,52.062131,-1.3396401,{}
1990337922,52.0622398,-1.3395314,{}
1990337929,52.0622688,-1.3395303,{}
1990338026,52.0623026,-1.3395343,{}
1990338091,52.0623435,-1.3395396,"{'crossing': 'marked', 'crossing:island': 'yes', 'crossing:markings': 'yes', 'highway': 'crossing', 'tactile_paving': 'yes'}"
1990338005,52.0623983,-1.3395379,{}
1990337887,52.0624234,-1.3395371,{}
1990338034,52.0625461,-1.339396,{}
1990338119,52.0627007,-1.3394161,{}
1990337865,52.0628565,-1.339427,{}
1990337824,52.0628512,-1.3395072,{}
1990337993,52.0631971,-1.3396025,{}
2506120085,52.0632504,-1.339705,{}
2506120100,52.0633889,-1.339693,{'highway': 'crossing'}
2506120089,52.0633827,-1.3397401,{}
2506120082,52.0634337,-1.3397614,{}
1990338111,52.063699,-1.3397598,{'highway': 'crossing'}
27501901,52.063557,-1.3391442,{}
2506120103,52.0635053,-1.3391118,{}
2506133964,52.0635506,-1.3390689,{}
2506133958,52.0635084,-1.3390688,{}
9382423000,52.063617,-1.336272,{}
1982106817,52.0636835,-1.33606,{}
1982106897,52.063737,-1.3360858,{}
27501884,52.0644305,-1.3359767,{}
1982107035,52.0645156,-1.3359134,{}
1025742650,52.0651878,-1.3351997,{}
1985776536,52.0651996,-1.3351633,{}
1025742712,52.0654379,-1.3346109,{}
1025742625,52.0654612,-1.3345728,{}
602362698,52.0657416,-1.333843,{'barrier': 'bollard'}
602362707,52.0659173,-1.3335519,{}
1985636375,52.0659398,-1.3334759,{}
1985636567,52.06631,-1.3328313,{}
370452943,52.0690609,-1.3325895,{}
1985636628,52.0691366,-1.3325425,{}
1985900412,52.0706034,-1.3326403,{}
1985900234,52.0706529,-1.3327436,{}
1985900156,52.0706289,-1.3326873,{}
602320352,52.0706239,-1.3325833,{}
1985636473,52.0707283,-1.3325032,{}
1985636761,52.0707765,-1.3324012,{}
602320358,52.0709416,-1.3318459,{}
602320276,52.0713706,-1.3317798,{}
1985636476,52.0714032,-1.3318259,{}
602320278,52.0714228,-1.331889,{}
1985636398,52.0715947,-1.3322846,{}
1985636469,52.071668,-1.3322331,{}
455915525,52.07184,-1.3317276,{}
6749361480,52.0731858,-1.3262358,{}
6749361483,52.0731464,-1.3262312,{'barrier': 'gate'}
12039416621,52.0731071,-1.3262265,{}
12039416596,52.0731147,-1.3260786,{}
6749361481,52.0732586,-1.3259507,{}
12039416595,52.0732336,-1.3251536,{}
12039416593,52.0733593,-1.3250137,{}
12039416590,52.0739039,-1.3250806,{}
2075439699,52.0721098,-1.329125,{}
2075439552,52.072122,-1.3292154,{}
370453129,52.0720479,-1.3300309,{}
1985636701,52.0718344,-1.3319203,{}
455915526,52.0719439,-1.333147,{}
7438409791,52.0721592,-1.3352379,{}
7438409790,52.072158,-1.3352919,{}
2072389130,52.0721215,-1.3353137,{}
3055725016,52.0721573,-1.3353219,{}
2072389126,52.0721854,-1.3353284,{}
2072389364,52.0722235,-1.3353264,{}
11170439976,52.0733502,-1.3371945,"{'highway': 'traffic_signals', 'traffic_signals': 'crossing', 'traffic_signals:direction': 'backward'}"
603017983,52.073436,-1.337309,{}
2007375301,52.0735281,-1.3373101,{}
603017984,52.0736057,-1.3373092,{}
2007374866,52.0736994,-1.3372953,{}
8904655922,52.0744572,-1.3371217,{}
10242500891,52.0759871,-1.3368047,{}
10242500892,52.0760234,-1.3368758,{}
2072389060,52.07687,-1.3366477,{}
1446284567,52.0769221,-1.3367389,{}
2072389322,52.0769994,-1.3366665,{}
2072389198,52.0771116,-1.3366722,{}
2072389051,52.0772021,-1.3366719,{}
2072389069,52.0772986,-1.3366732,{}
603017955,52.0773691,-1.3367798,{}
2072388993,52.07741,-1.3366843,{}
2072389521,52.0774931,-1.336688,{}
2072389174,52.0775979,-1.3366923,{}
2007374983,52.0777154,-1.336802,{}
603017940,52.0777508,-1.3367028,{}
2072389153,52.0777559,-1.3367513,{}
2072389508,52.077761,-1.3368032,{}
8726330544,52.078068,-1.3368177,{}
8726330543,52.0780735,-1.3366997,{}
5078335858,52.0797348,-1.3366266,{}
5078336335,52.0798307,-1.3367125,{}
8531511702,52.0798692,-1.3365992,{}
5078336332,52.0801741,-1.3366742,{}
603017924,52.0814893,-1.3364229,{}
2005671106,52.0815196,-1.3365342,{}
301508107,52.081766,-1.3365307,{}
2121267521,52.0816958,-1.3366111,{}
2005670765,52.0817695,-1.3366994,{}
2005671016,52.0818703,-1.337231,{}
2005671291,52.0819337,-1.3372435,{}
1628537066,52.0819085,-1.3374471,{}
5111411701,52.0819828,-1.3375452,{}
346413950,52.0819526,-1.3383977,{}
2005671365,52.0819642,-1.3391659,{}
370923143,52.0813587,-1.3432994,{}
2121570451,52.080565,-1.3459836,{}
8637842954,52.0799363,-1.34644,{}
1628235179,52.0798389,-1.3465105,{}
2121570381,52.079681,-1.3466311,{}
1356277044,52.0797167,-1.3467635,{}
11346216439,52.07969,-1.3467992,{}
1628235160,52.0788664,-1.3481614,{}
1628234908,52.0787905,-1.3483653,{}
1628234963,52.0786949,-1.3485329,{}
1628234910,52.0785713,-1.3488266,{}
1628235059,52.0784889,-1.3490948,{}
347777957,52.0792902,-1.3532374,{}
2121570384,52.0797417,-1.3549039,{}
4927203475,52.0807204,-1.3577895,{}
2121570455,52.0806988,-1.3580612,{}
602680335,52.0806729,-1.3585861,{}
9138895788,52.080679,-1.358691,{}
4672072572,52.0806869,-1.3588261,{}
11346216445,52.0805688,-1.3603919,{}
2121267510,52.0805349,-1.3603885,{}
347777771,52.0805035,-1.3604011,{}
347777784,52.080476,-1.3604273,{}
11346216440,52.0804542,-1.3604652,{}
11346216441,52.08044,-1.3605117,{}
370923114,52.0802443,-1.3607776,{}
1628234894,52.0800988,-1.3610446,{}
370923113,52.080015,-1.3613513,{}
346413875,52.0799733,-1.361927,{}
1628235224,52.0795422,-1.3621746,{}
1628234999,52.0794911,-1.3624482,{}
1628235098,52.0795574,-1.3628713,{}
346413870,52.0796712,-1.3632973,{}
1628234914,52.0795265,-1.3633596,{}
8866152489,52.0792546,-1.364471,{}
1628234965,52.0795521,-1.3650258,{}
8866152485,52.0794854,-1.3652207,{}
1628234980,52.0795801,-1.3652136,{}
6538690402,52.0794791,-1.3659671,{}
1628235132,52.0795323,-1.3661696,{}
6538690400,52.0794269,-1.366298,{}
6220853857,52.0796756,-1.3664968,{}
12232199078,52.0796624,-1.366568,{}
12232199079,52.0796101,-1.3666546,{}
2121603597,52.0795526,-1.3666429,{}
1628268396,52.0794697,-1.3669125,{}
2121603580,52.0792731,-1.3674659,{}
1628268388,52.0793288,-1.3676771,{}
2121603582,52.0792758,-1.3676549,{}
1495615293,52.079185,-1.3677806,{}
27412064,52.0791453,-1.3677444,{}
1495615283,52.0791007,-1.3677302,{}
27412065,52.0790661,-1.367735,{}
1495615282,52.0790333,-1.3677531,{}
2121603577,52.0790041,-1.3677834,{}
27412066,52.0789744,-1.3678377,{}
2121603562,52.0789403,-1.3677804,{}
27412057,52.0787456,-1.3678688,{}
2121603532,52.078572,-1.3676035,{}
2121603504,52.0753289,-1.3658181,{'note': 'There are no turn restriction signs here'}
2121603500,52.0752769,-1.3657942,{}
27412039,52.0750591,-1.3649184,{}
27412049,52.0749967,-1.3648798,{}
2121603467,52.074917,-1.3648698,{}
27412048,52.0748426,-1.3648804,{}
2121603463,52.0747854,-1.3649173,{}
2121603460,52.074756,-1.3648763,{}
2106051391,52.0740249,-1.3642787,{}
8418317689,52.0713896,-1.3633858,{}
8418317688,52.0713937,-1.3632609,{}
9103931444,52.0710637,-1.3632721,{}
2121603283,52.0710494,-1.3632572,{}
2121603303,52.0712316,-1.3636375,{}
679206965,52.0711506,-1.3636773,{}
2121603302,52.0712041,-1.3637009,{}
2121603286,52.0710826,-1.3639824,{}
2121603281,52.0710352,-1.3642966,{}
679206954,52.0710248,-1.3645237,{}
2121603273,52.0710042,-1.3680656,{}
11137168357,52.0710067,-1.3682925,{}
457667181,52.0705664,-1.3685384,{}
8714834671,52.0685388,-1.3682461,{}
725304201,52.0672564,-1.3661478,{}
5599678460,52.0670143,-1.3653235,{}
457667136,52.0638763,-1.3641734,{}
725304139,52.063765,-1.3641343,{}
2081086495,52.0634087,-1.3641153,{}
457667127,52.0632764,-1.3641537,{}
8714834655,52.0631959,-1.3641884,"{'direction': 'both', 'traffic_calming': 'bump'}"
5606251406,52.0624375,-1.3643374,{}
5610595907,52.0623555,-1.3643025,{}
725304136,52.0622792,-1.3641999,{}
5927279999,52.0622171,-1.3641222,{}
2081086406,52.0622482,-1.3641366,{}
5927280008,52.062254,-1.3642341,{}
2081086410,52.0623009,-1.3642792,{}
5927279985,52.062281,-1.3643561,{}
5927279995,52.0622843,-1.364443,{}
5927280005,52.0622539,-1.3645047,{}
5610595903,52.0622544,-1.3646278,{}
2081086391,52.0621166,-1.3646871,{'traffic_calming': 'bump'}
5610595910,52.0599902,-1.3642715,{}
5599666749,52.0599806,-1.3642486,{}
5597999440,52.0599518,-1.3642307,{}
5610595918,52.0592973,-1.3639084,{}
28235769,52.0581306,-1.3595432,{}
28237611,52.0567937,-1.3587519,{}
2081086240,52.0566417,-1.3585984,{}
28235726,52.0565455,-1.3561226,{}
8696622584,52.0578418,-1.3540158,{}
1838897274,52.0579193,-1.3509317,{}
6661078857,52.0584303,-1.3502913,{}
10241919,52.0585148,-1.350172,{}
25289514,52.0588577,-1.3456841,{'created_by': 'JOSM'}
6557772787,52.0597958,-1.3421754,{}
1361315319,52.0600764,-1.3403936,{}
4500921238,52.0602109,-1.3404335,{}
1361315962,52.0600653,-1.3403556,{}
25289393,52.0602299,-1.3404033,{}
566820095,52.0606749,-1.3378541,{}
25289480,52.0607562,-1.3375888,{}
410020,52.0609403,-1.3370985,{}
1963852653,52.0609572,-1.3369862,{}
566820099,52.0609571,-1.3368809,{}
1982029862,52.0609155,-1.3368578,{}
1982029945,52.0608744,-1.33683,{}
25289481,52.0609585,-1.3367433,{}
8696867699,52.060962,-1.3365067,{}
25289483,52.060967,-1.336176,{}
25289487,52.0606837,-1.334848,{}
8814004961,52.0618634,-1.3343783,{}
1961939150,52.0618329,-1.3336817,{}
1961939085,52.0620907,-1.3336763,{}
1961939027,52.0621183,-1.333663,{}
429421929,52.0622183,-1.3338425,{}
1962166678,52.0623966,-1.3340784,{}
1962166097,52.0624047,-1.3341094,{}
1962166548,52.062409,-1.3341455,{}
1962166489,52.0624089,-1.3341804,{}
1025742610,52.06223,-1.3345146,"{'crossing:island': 'yes', 'direction': 'both', 'surface': 'concrete', 'tactile_paving': 'yes', 'traffic_calming': 'table'}"
429421930,52.0622293,-1.3346033,{}
1962166569,52.0622218,-1.3346987,{}
4743630905,52.0620871,-1.335581,{}
1962166043,52.0620612,-1.3357372,{}
1962166434,52.0620671,-1.3358216,{}
732287975,52.0621482,-1.3359291,{}
4743630899,52.0622267,-1.3359784,{}
1962166303,52.0623268,-1.3359784,{}
1025742716,52.062115,-1.3377769,{}
1990338059,52.0621302,-1.3395703,{}
1990337955,52.0621047,-1.3395866,{}
1990338083,52.0620708,-1.3396146,{}
10048848735,52.0618192,-1.3397652,{}
1990337990,52.0621021,-1.3396454,{}
1990337945,52.0623004,-1.3395718,{}
10241945,52.0625327,-1.339547,{}
2506120079,52.0635394,-1.3398857,{'highway': 'traffic_signals'}
10241949,52.0635822,-1.3397494,{'highway': 'traffic_signals'}
2506120091,52.063504,-1.3394278,{'highway': 'crossing'}
2506120080,52.0635375,-1.3394275,{}
2506120078,52.0635659,-1.3393213,{'highway': 'crossing'}
2506120083,52.0635385,-1.3393186,{}
732287971,52.0634778,-1.3379351,{}
2507387390,52.0633612,-1.3379333,{}
2507387393,52.0633545,-1.3378521,{}
2507387395,52.0634738,-1.3378315,{}
8862875835,52.063472,-1.3378002,{}
1838668723,52.0634642,-1.337666,{}
27501894,52.0634455,-1.3372882,{}
2507387391,52.063432,-1.3370257,{}
1985212477,52.0633451,-1.3365209,{}
1985212524,52.0634097,-1.3365138,"{'button_operated': 'yes', 'crossing': 'traffic_signals', 'crossing_ref': 'pelican', 'highway': 'traffic_signals', 'tactile_paving': 'yes', 'traffic_signals': 'signal', 'traffic_signals:direction': 'both', 'traffic_signals:sound': 'yes', 'traffic_signals:vibration': 'yes'}"
1983635429,52.0634018,-1.3363309,{}
1983635733,52.0634065,-1.3362833,{}
1985212777,52.0633274,-1.3362202,{}
1983635598,52.0634179,-1.3362364,{}
1983635526,52.0634302,-1.3361962,{}
1985212545,52.0633192,-1.3361452,{}
1985212507,52.0633103,-1.3360934,{}
1983635699,52.0634461,-1.3361559,{}
9382423001,52.0638284,-1.3362682,{'barrier': 'gate'}
9382487030,52.0641288,-1.3363053,{}
1982106832,52.0642357,-1.3360822,{}
9870538827,52.0642937,-1.336055,{}
1982106873,52.0643371,-1.3360346,{}
414912554,52.0645907,-1.3358428,{}
27501883,52.0647425,-1.335666,{}
1025742699,52.0648007,-1.3355672,{}
359461469,52.0647688,-1.3354351,{}
11962404362,52.0648486,-1.3352908,{}
2803986783,52.0648331,-1.3352726,{}
27501882,52.0649482,-1.3352769,{}
11962404363,52.064872,-1.3352538,{}
1982106788,52.065044,-1.3349913,{}
10242574164,52.0649587,-1.3349244,{}
27501881,52.0650862,-1.3348184,{}
10242574163,52.0650156,-1.3347407,{}
1982107124,52.0656359,-1.334462,{}
1982107121,52.0656458,-1.334462,{}
1982106813,52.0656548,-1.334458,{}
1982106991,52.0656623,-1.33445,{}
1982107119,52.065668,-1.3344339,{}
1982107158,52.0656789,-1.3342577,{}
1982106787,52.0655213,-1.3342405,{}
1982106816,52.0655257,-1.3341485,{}
1982106790,52.0656814,-1.3341336,{}
1982106982,52.0655244,-1.3340533,{}
1982107184,52.0656778,-1.3339955,{}
1982106970,52.0655188,-1.3339713,{}
370452923,52.0664057,-1.3328139,{}
370452924,52.066612,-1.3327218,{}
370452929,52.0672087,-1.3327559,{}
370452930,52.0672523,-1.3327681,{}
370452933,52.0674498,-1.3329523,{}
1985636580,52.0675036,-1.3329921,{}
1985636495,52.0675518,-1.3330215,{}
370452934,52.0676001,-1.3330439,{}
1985636456,52.0676463,-1.3330603,{}
370452935,52.0676923,-1.3330703,{}
1985636549,52.0677461,-1.3330769,{}
1985636486,52.0677982,-1.3330788,{}
1985636444,52.067859,-1.3330751,{}
1985636382,52.0679128,-1.3330669,{}
1985636493,52.0679672,-1.3330623,{}
1985636541,52.0684219,-1.3331273,{}
370452938,52.0684656,-1.3331086,{}
370452939,52.0685773,-1.3330422,{}
602362723,52.0689529,-1.332684,{}
370452942,52.0690002,-1.3326398,{}
370452944,52.0692367,-1.3324964,{}
1985900825,52.0692927,-1.3324733,{}
1985636723,52.0693331,-1.3324567,{}
1985636462,52.0694229,-1.3324147,{}
370452945,52.0694933,-1.332375,{}
1985636412,52.0697463,-1.3322077,{}
370452947,52.0697986,-1.3321926,{}
1985636773,52.0698368,-1.3321875,{}
370452948,52.0698738,-1.3321882,{}
370452949,52.0699348,-1.3321987,{}
370452950,52.069992,-1.3322227,{}
370452951,52.0700655,-1.332263,{}
370452952,52.0701295,-1.3323097,{}
1985636544,52.0704804,-1.3325852,{}
1985636529,52.0705266,-1.332597,{}
1985900073,52.0705589,-1.3325973,{}
602320351,52.0705707,-1.3325974,{}
1985636815,52.0706659,-1.3325667,{}
602320353,52.0706998,-1.3325404,{}
1985636540,52.0708133,-1.332094,{}
1985636474,52.0716894,-1.3321393,{}
1985636705,52.0717035,-1.3321178,{}
1985636406,52.071715,-1.3321071,{}
2461126555,52.0718787,-1.3314764,{}
2075439844,52.0718055,-1.3275214,{}
2075439639,52.0718351,-1.3272925,{}
2075439693,52.0720887,-1.3271717,{}
2075439570,52.0721328,-1.3271489,{}
2075439633,52.0721697,-1.3271259,{}
456713376,52.0722025,-1.3271004,{}
370453557,52.0723669,-1.3269339,{'barrier': 'bollard'}
2075439858,52.0724493,-1.3268575,{}
6616228923,52.0725952,-1.3269617,{}
370453558,52.0725773,-1.3267632,{}
2075439746,52.0726383,-1.3267252,{}
2075439605,52.0730737,-1.3266551,{}
2075439714,52.0730673,-1.3265847,{}
370453702,52.0735362,-1.325005,{}
422738597,52.0738492,-1.3250191,{}
8439013949,52.0736105,-1.3247849,{}
370453596,52.0732542,-1.3249028,{}
2075439855,52.0730611,-1.3262866,{}
2075439567,52.0730582,-1.3263759,{}
2075439817,52.0718675,-1.3272579,{}
455915516,52.0719878,-1.3305049,{}
2461126553,52.0718461,-1.3316881,{}
8240396547,52.0719813,-1.3334811,{}
602320298,52.072022,-1.3338448,{}
2072389043,52.0718488,-1.3347917,{}
1025742721,52.0722643,-1.3359951,{}
2072389389,52.0724477,-1.3364312,{}
2072389059,52.0723843,-1.3364622,{}
2007375303,52.0732852,-1.3370983,{}
603017962,52.0733452,-1.3370727,{}
2072389330,52.0733933,-1.3370577,{}
2072389266,52.073471,-1.3370326,{}
8904625710,52.073436,-1.3370439,{}
2007375376,52.0734109,-1.3371593,{}
8904655924,52.0751699,-1.336985,{}
2007375060,52.075294,-1.3369632,{}
8904655925,52.0756715,-1.336922,{}
603017988,52.0758199,-1.3369058,{}
2007375231,52.0758378,-1.3369046,{}
2007374962,52.0758545,-1.3369107,{}
2007374883,52.0758714,-1.3369308,{}
2007374932,52.0758863,-1.3369612,{}
8904655926,52.0759004,-1.3369919,{}
603017989,52.075908,-1.3370085,{}
2007375017,52.0759193,-1.3370388,{}
2007374960,52.0759337,-1.3370681,{}
2007375153,52.0759502,-1.3370881,{}
603017993,52.0762599,-1.3368649,{}
603017994,52.076284,-1.3368384,{}
2007375156,52.0763098,-1.3368184,{}
8531511713,52.0781525,-1.3369284,{}
517958044,52.0792171,-1.3368473,{}
1628234987,52.0807832,-1.3366113,{}
1628234954,52.0813892,-1.3366,{}
2005670858,52.0816375,-1.3364788,{}
603017919,52.0818861,-1.3381623,{}
1356277045,52.081901,-1.3389911,{}
5111411706,52.0818607,-1.3403106,{}
1628235147,52.0818324,-1.340814,{}
8904652331,52.0818251,-1.3409079,{}
1628234847,52.0814922,-1.342341,{}
587664011,52.0812536,-1.3436115,{}
2121570467,52.0812225,-1.3437283,{}
347778140,52.0812742,-1.3439092,{}
2121570453,52.0806872,-1.3457499,{}
376044619,52.080551,-1.3457969,{}
8637842953,52.0798862,-1.3463547,{}
1628234934,52.0793477,-1.3472656,{}
9945180745,52.0793016,-1.3473514,{}
1628235023,52.0791993,-1.3474614,{}
1628235016,52.0789554,-1.3479079,{}
1628234886,52.0784905,-1.3507202,{}
1628235104,52.0786455,-1.3514766,{}
1628235067,52.0787081,-1.3517502,{}
9013973418,52.0786244,-1.3520227,{}
1628235225,52.0787707,-1.352111,{}
4635822083,52.0791555,-1.3534373,{}
2121570351,52.0790966,-1.3534896,{}
2121570353,52.079245,-1.3534663,{}
2121570357,52.079281,-1.3536245,{}
1628234964,52.0794087,-1.3539724,{}
1628235223,52.0794532,-1.3541749,{}
8567318958,52.0793752,-1.3542304,{}
8567318957,52.0794502,-1.3546823,{}
1628235037,52.0795768,-1.3547288,{}
2019288367,52.0794806,-1.3548812,{}
1628235119,52.0796708,-1.3550346,{}
7116168759,52.079567,-1.3551932,{}
7116168756,52.0796145,-1.3553617,{}
1628235115,52.0797944,-1.3553363,{}
1628235126,52.0798373,-1.3554986,{}
7116168755,52.0797323,-1.3555436,{}
8237516098,52.079873,-1.3559262,{}
8237516097,52.0799231,-1.355911,{}
1628234959,52.0801455,-1.3562013,{}
1628234827,52.0802691,-1.3565822,{}
2121570433,52.0802878,-1.3571189,{}
2121570444,52.0804505,-1.3573164,{}
2019288414,52.0803561,-1.3573451,{}
2121570437,52.0803653,-1.3573755,{}
1628235166,52.0804719,-1.357403,{}
9945180750,52.0803813,-1.3574231,{}
2121570441,52.0804061,-1.3575107,{}
2025075717,52.0808143,-1.3591936,{}
2121570456,52.080766,-1.3592204,{}
346413882,52.0807585,-1.3594037,{}
2025075725,52.0807962,-1.359486,{}
2121267517,52.0807416,-1.3596317,{}
4950541281,52.0808317,-1.3596497,{}
2121267516,52.0807102,-1.3598487,{}
4950541280,52.0807955,-1.3599393,{}
2025075738,52.0807289,-1.360122,{}
2121267515,52.0806681,-1.3600907,{}
2121267514,52.0806654,-1.3602342,{}
2121267508,52.0804381,-1.3606147,{}
347777761,52.0804524,-1.3606666,{}
346413879,52.0804758,-1.3607087,{}
1628234993,52.0802964,-1.3606931,{}
2121267506,52.0804008,-1.3607889,{}
370923112,52.0798077,-1.3620476,{}
346413873,52.0797864,-1.3626155,{}
2121267488,52.0793836,-1.3641347,{}
2121267487,52.0793246,-1.3642091,{}
602680349,52.0793814,-1.3642502,{}
8866152488,52.0792868,-1.3645555,{}
8866152487,52.079337,-1.3646963,{}
1628235044,52.0794713,-1.3647401,{}
1628234972,52.0795917,-1.3653745,{}
6538690394,52.0793322,-1.3666071,{}
1628235120,52.0794482,-1.3666632,{}
6538690395,52.0792681,-1.3668103,{}
1628234975,52.0793724,-1.3669716,{}
6538690396,52.0792026,-1.3669894,{}
6538690397,52.0791162,-1.3671708,{}
602680351,52.0789174,-1.3677015,{}
12469520332,52.0786094,-1.3678634,{}
12469520331,52.0785091,-1.3678483,{}
10823071085,52.0747862,-1.364749,{}
10823071081,52.0738606,-1.3640631,{}
8537218309,52.0728048,-1.3635636,{'highway': 'turning_circle'}
602467061,52.071533,-1.363668,{}
28212760,52.0715197,-1.3635581,{}
1628201641,52.0712037,-1.3634182,"{'highway': 'traffic_signals', 'traffic_signals': 'traffic_lights', 'traffic_signals:direction': 'both'}"
602467062,52.0712677,-1.3636082,{}
1838747871,52.0709518,-1.3645146,{}
6538788960,52.0710376,-1.3661449,{}
25289530,52.0710388,-1.3663019,{}
2121603252,52.0703957,-1.3685435,"{'direction': 'forward', 'source': 'Bing', 'surface': 'concrete', 'traffic_calming': 'chicane'}"
10838365649,52.0700917,-1.3684899,{}
2121603183,52.0679079,-1.3683361,"{'source': 'Bing', 'traffic_calming': 'chicane'}"
2121603174,52.0675217,-1.3677547,{}
457667165,52.0674693,-1.3675771,{}
2157487131,52.0674399,-1.3674137,"{'direction': 'both', 'source': 'Bing', 'traffic_calming': 'bump'}"
5673509190,52.0673948,-1.367111,{}
2157487120,52.0672882,-1.3669878,{}
725304198,52.0673741,-1.3669774,{}
2157487128,52.0673294,-1.3666525,"{'direction': 'both', 'source': 'Bing', 'traffic_calming': 'bump'}"
9871666670,52.0673165,-1.3665635,{}
457667161,52.0671981,-1.3658524,{}
2157487115,52.0671446,-1.3656804,{}
5673509183,52.066444,-1.365248,{}
457667152,52.0663827,-1.3651731,{}
602362582,52.0660919,-1.3652448,{}
457667150,52.0660094,-1.3652649,{}
8714834657,52.0657783,-1.3652961,{}
5673481803,52.0641676,-1.3643506,{}
457667140,52.064098,-1.3642975,"{'source': 'Bing', 'traffic_calming': 'bump'}"
2081086501,52.0640064,-1.3642352,{}
5606251404,52.0625568,-1.364201,{}
5606251412,52.0625471,-1.3643842,{}
5606251408,52.0625189,-1.3643722,{}
5927278182,52.0620991,-1.3645785,{}
5273144640,52.0619699,-1.3647502,{}
1628201587,52.0618141,-1.3648123,{}
1628201609,52.0616449,-1.3648734,{}
1628201625,52.0613961,-1.3649412,{}
1628201541,52.0606647,-1.3648717,{}
2081086315,52.0606175,-1.3648531,{}
5603513590,52.0605318,-1.3648255,{}
8714834651,52.0605223,-1.3648551,{}
2081086309,52.0604507,-1.3647883,{}
5610596021,52.0603465,-1.3648084,{}
8714834650,52.0603361,-1.3647229,"{'direction': 'both', 'traffic_calming': 'bump'}"
602362571,52.0601979,-1.3646586,{}
5673486773,52.060117,-1.3646732,{}
5673486774,52.0598432,-1.3644761,{}
5673486771,52.059816,-1.3644908,{}
5597999327,52.0597077,-1.3643566,{}
5673486766,52.0596485,-1.3643779,{}
5673486776,52.0595962,-1.3643955,{}
602362573,52.0595899,-1.36428,{}
5283236788,52.0592674,-1.3640189,{}
5597999015,52.0591808,-1.3640634,{}
8714834643,52.0592278,-1.3639845,{}
5597999419,52.0591525,-1.3640398,{}
5597999369,52.0590904,-1.3638627,{}
28235843,52.0591004,-1.3638024,{}
5599666758,52.0590014,-1.3637001,{}
5599632945,52.0589243,-1.3635298,{}
28235845,52.0589569,-1.3634987,{}
5599632944,52.0588938,-1.3634929,{}
8532156365,52.0587522,-1.3633243,{'highway': 'turning_circle'}
8714834642,52.0588799,-1.3632516,"{'direction': 'both', 'surface': 'concrete', 'traffic_calming': 'bump'}"
8532156363,52.0587349,-1.3631191,{}
28235846,52.0588251,-1.3630757,{}
5610595900,52.0586991,-1.3629948,{}
1006151469,52.0587446,-1.3628465,{}
5610595895,52.0587494,-1.3628339,{}
1006151471,52.0586901,-1.3627661,{}
1006151477,52.058791,-1.3627251,{}
28235798,52.058785,-1.3625542,{}
725304257,52.0587384,-1.3621888,{}
725304260,52.0588085,-1.3621807,{}
1006151483,52.0588597,-1.3616734,{}
28235797,52.0587998,-1.3614879,{}
28235792,52.0588809,-1.361463,{}
28235850,52.0589259,-1.3611571,{}
1006151482,52.0589552,-1.3608877,{}
8714834641,52.0588453,-1.3607911,{}
28235791,52.0589544,-1.3607787,{}
5273142914,52.0589246,-1.360488,{}
1006151480,52.0589195,-1.3604517,{}
5273142911,52.0588839,-1.3603271,{}
28235787,52.0588766,-1.3603016,{}
746900474,52.0588099,-1.3601431,{}
28235783,52.0587086,-1.3599692,{}
2081086244,52.0586295,-1.3598761,{}
2081086243,52.058523,-1.3597802,{}
28235772,52.0583146,-1.3596481,{}
746900495,52.0573112,-1.3590671,{}
28237613,52.0565726,-1.3584946,{}
11536266780,52.0565259,-1.3584131,{}
28237614,52.0564435,-1.3582692,"{'direction': 'forward', 'source': 'Bing', 'surface': 'concrete', 'traffic_calming': 'choker'}"
8532156362,52.0562939,-1.3580091,{}
28235748,52.0561585,-1.3577737,{}
28235745,52.0560815,-1.3575023,{}
28235736,52.05605,-1.3571397,{}
28235742,52.0559181,-1.3570626,{}
8714834640,52.0560856,-1.3569322,{}
28235738,52.0561464,-1.3567419,{}
28235739,52.0562368,-1.3565689,{}
414912328,52.0564217,-1.3562936,{}
8239638789,52.056995,-1.3554528,{}
1838748080,52.0577102,-1.3540254,{}
24459570,52.0577359,-1.3539589,{}
8696624020,52.0576545,-1.3538964,{}
8696624019,52.0576768,-1.3538371,{}
5002264571,52.0577882,-1.353736,{}
8696624018,52.0577081,-1.3536708,{}
24459567,52.0577937,-1.353647,{'created_by': 'JOSM'}
8696624017,52.0577204,-1.353584,{}
25289356,52.0568554,-1.3526168,{}
10241916,52.0569823,-1.3520485,{}
746900597,52.0571762,-1.3517005,{}
6661078858,52.0577004,-1.3510145,{}
10241917,52.0578684,-1.3508328,{}
10241918,52.0587657,-1.3496334,{}
1838255023,52.0589191,-1.3492726,{}
10241921,52.0589781,-1.3490914,{}
25289510,52.0590528,-1.3487171,{}
10241922,52.0590646,-1.3484987,{}
25289511,52.0590671,-1.3482133,{}
11514608475,52.0589144,-1.3481757,{}
10241923,52.0590677,-1.347878,{}
25289513,52.059038,-1.3469742,{}
10241924,52.0589982,-1.3463075,{}
1838897231,52.058853,-1.3462787,{}
10241925,52.0589639,-1.3461206,{'created_by': 'JOSM'}
25289515,52.0587929,-1.3453125,{'created_by': 'JOSM'}
10241927,52.0587781,-1.3451402,{'created_by': 'JOSM'}
25289516,52.0587703,-1.3447801,{'created_by': 'JOSM'}
9864067131,52.0586528,-1.3447424,{}
9864067130,52.0587703,-1.3447151,{}
9864067132,52.0586193,-1.3445205,{}
10241929,52.0587703,-1.3444843,{}
1980090232,52.0587822,-1.3444125,{}
1980090277,52.0587987,-1.3443489,{}
414912381,52.0586438,-1.3443129,{}
1980090184,52.0588195,-1.344286,{}
1980090245,52.0588485,-1.3442105,{}
25289517,52.0588833,-1.3441391,{}
1980090301,52.0589276,-1.3440561,{}
25289518,52.0590333,-1.3438924,{}
10241933,52.0596478,-1.3425891,{}
9005101961,52.0596902,-1.3424737,{}
2121036812,52.0597339,-1.3423548,{}
1980090253,52.0597366,-1.3423473,{}
8531928131,52.0598405,-1.3420597,{}
8531928130,52.0597043,-1.3420095,{}
7154176792,52.0598545,-1.3420261,{}
9126463156,52.0597266,-1.3419849,{}
1980090250,52.0599346,-1.3417723,{}
9126463157,52.0598398,-1.3416519,{}
1980090290,52.0599785,-1.3416347,{}
25289519,52.0600122,-1.3414967,{}
10241934,52.0600519,-1.3413041,{}
25289520,52.0600808,-1.3411405,{}
1980090252,52.0601007,-1.3410109,{}
8750410608,52.0601067,-1.3409584,{}
8750410609,52.0599581,-1.3409249,{}
1980090224,52.0601184,-1.3408571,{}
8418244779,52.0601294,-1.3407511,{}
1980090225,52.0601369,-1.340707,"{'crossing': 'marked', 'crossing:island': 'no', 'crossing:markings': 'yes', 'crossing_ref': 'zebra', 'highway': 'crossing', 'tactile_paving': 'yes'}"
8631690405,52.0600942,-1.3407012,"{'barrier': 'kerb', 'kerb': 'flush', 'tactile_paving': 'yes', 'wheelchair': 'yes'}"
8631690406,52.0600579,-1.3406585,{}
8631690407,52.0600439,-1.3405875,{}
1980090204,52.0601557,-1.3406186,{}
1980090207,52.0601308,-1.3406066,{}
1980090267,52.0601208,-1.3405158,{}
1980090272,52.0601746,-1.3405284,{}
1361315317,52.0601358,-1.3404598,{}
8726368837,52.0601619,-1.3404627,{}
1980090163,52.0601111,-1.3404453,{}
25289395,52.0600933,-1.3404254,{}
7548371,52.0601876,-1.3404539,{}
1980090222,52.0602424,-1.340368,{}
1361315318,52.0602487,-1.3403286,{}
746900225,52.0602484,-1.3402879,{}
1361315316,52.0602416,-1.3402488,{}
25289401,52.0602286,-1.340214,{}
25289400,52.060207,-1.3401821,{}
1361315313,52.060104,-1.3401815,{}
25289399,52.060125,-1.3401649,{}
25289390,52.0601812,-1.3401628,{}
1361315315,52.060153,-1.3401569,{}
8682698005,52.0600881,-1.3400156,{}
1980090180,52.0601612,-1.3399755,{}
8682698006,52.060133,-1.3399096,{}
8682698007,52.0601615,-1.3398228,{}
1980090175,52.0602687,-1.3397975,"{'crossing': 'marked', 'crossing:island': 'no', 'crossing:markings': 'yes', 'crossing_ref': 'zebra', 'highway': 'crossing'}"
1980090170,52.0602082,-1.3397769,"{'crossing': 'marked', 'crossing:island': 'no', 'crossing:markings': 'yes', 'crossing_ref': 'zebra', 'highway': 'crossing', 'tactile_paving': 'yes'}"
9123129406,52.0601922,-1.3397715,"{'barrier': 'kerb', 'kerb': 'flush', 'tactile_paving': 'yes', 'wheelchair': 'yes'}"
8682698008,52.0601762,-1.339766,{}
1980090283,52.0602436,-1.339687,{}
732287942,52.0602796,-1.3395479,{}
1980090257,52.0604852,-1.3387274,{}
8696805923,52.0605108,-1.3386192,{}
1963852754,52.0605482,-1.3384606,{}
1980090259,52.0605619,-1.3383968,"{'crossing': 'uncontrolled', 'crossing:island': 'no', 'crossing_ref': 'zebra', 'highway': 'crossing', 'tactile_paving': 'yes'}"
8909686786,52.060523,-1.3383764,{}
8909686785,52.0605312,-1.3383241,{}
8909686784,52.0604925,-1.3383026,{}
8909686783,52.0604883,-1.3382289,"{'crossing': 'unmarked', 'crossing:island': 'no', 'crossing:markings': 'no', 'highway': 'crossing', 'kerb': 'flush', 'tactile_paving': 'no'}"
1963852614,52.0605012,-1.3382239,{}
566820097,52.0605965,-1.3382353,{}
1980090221,52.0605295,-1.3382196,{}
1963852562,52.0605566,-1.3382199,{}
8909686782,52.0604793,-1.3381725,{}
566820092,52.060616,-1.3381381,{}
8909686781,52.060518,-1.3381129,{}
1982030019,52.0606002,-1.3380679,{}
1963852403,52.0606392,-1.338024,{}
1982029773,52.0606046,-1.3378743,{}
1963852553,52.060641,-1.3378696,{}
1982029542,52.0608347,-1.3373785,"{'button_operated': 'yes', 'crossing': 'traffic_signals', 'crossing_ref': 'pelican', 'highway': 'traffic_signals', 'tactile_paving': 'yes', 'traffic_signals': 'pedestrian_crossing', 'traffic_signals:direction': 'forward', 'traffic_signals:sound': 'yes', 'traffic_signals:vibration': 'no'}"
8683026500,52.0607999,-1.3373394,{}
1982029711,52.0609013,-1.3372023,{}
8887894824,52.0609625,-1.3360538,{}
1963852427,52.0609606,-1.3360041,{}
8887894818,52.0609484,-1.3358892,{}
410021,52.0609431,-1.3358386,{}
8887894857,52.0607748,-1.3357806,{}
8887894856,52.0608582,-1.335731,"{'barrier': 'height_restrictor', 'maxheight': '2.5 m'}"
8887894855,52.0608672,-1.3357271,{}
7953331119,52.0609173,-1.3356966,{}
1963852613,52.0609134,-1.335675,{}
25289485,52.0608438,-1.3354134,{}
11243187033,52.0610233,-1.3347747,{}
414912427,52.0610705,-1.3347645,{}
1962166676,52.0612129,-1.3347505,{}
1962166080,52.0613583,-1.3347511,{}
414912426,52.0617745,-1.3347812,{}
303896994,52.0618062,-1.3347976,{}
8814004962,52.0618223,-1.3349131,{}
8582709284,52.0618867,-1.3337454,{}
1961939025,52.0620247,-1.3336671,{}
414912445,52.0620534,-1.3336795,{}
414912444,52.0621429,-1.3336402,{}
1961939090,52.0621584,-1.3336055,{}
8697761608,52.0621327,-1.3337649,{}
1962166060,52.0622201,-1.3339471,{}
8866083611,52.0619056,-1.3355412,{}
4743630904,52.0620594,-1.3356105,{}
4743630903,52.0620476,-1.3356188,{}
1962166173,52.0620702,-1.3356923,{}
429421932,52.0620587,-1.3357796,{}
4743630892,52.061912,-1.3359167,{}
414912436,52.0619376,-1.3358775,{}
4743630901,52.0620196,-1.3358813,{}
1962166095,52.0620823,-1.335865,{}
429421933,52.062113,-1.3359031,{}
4743630900,52.0621142,-1.3359481,{}
1985212640,52.0624995,-1.3358714,{}
4743630897,52.0623706,-1.3361202,{}
1962166553,52.0623636,-1.3361871,{}
1962166197,52.0623655,-1.3363199,{}
9394629913,52.0620072,-1.3374084,{}
1990338045,52.0622793,-1.3392465,{}
1990337911,52.0622872,-1.3392361,{}
1990338093,52.0622747,-1.3392614,{}
8697729042,52.062398,-1.33913,{}
1990338033,52.0624057,-1.3392327,{}
1990337834,52.0624089,-1.3393249,{}
1990338000,52.0622776,-1.3393722,{}
1990337914,52.0624082,-1.3393804,{}
1990337985,52.062405,-1.3394185,{}
1990338007,52.062753,-1.339587,{}
1990338075,52.0628443,-1.3396124,{}
25289633,52.062882,-1.3396229,{}
1990337901,52.0630281,-1.3398117,{}
1990337876,52.0630536,-1.3397836,{}
1990338082,52.0631177,-1.3396769,{}
9295627925,52.0631393,-1.3398517,{}
2506120087,52.0635035,-1.3397081,{'highway': 'traffic_signals'}
2506133960,52.0637514,-1.3394507,{}
2506120094,52.0635251,-1.338796,{}
27501896,52.0635061,-1.3384249,{}
27501886,52.0638793,-1.3361182,{}
1983635265,52.0639259,-1.3359627,{}
1983635308,52.0639662,-1.3359709,{}
1983635639,52.0640011,-1.3359712,{}
1982106882,52.0639944,-1.3361268,{}
1982106756,52.0646535,-1.3359998,{}
1982107002,52.0646189,-1.3359226,{}
361440015,52.0647696,-1.3359276,{}
1982106945,52.0647735,-1.3358965,{}
1982107165,52.0647874,-1.3358675,{}
1982106835,52.0648055,-1.3358433,{}
1982106724,52.0648324,-1.3358114,{}
1982106818,52.0648602,-1.3357832,{}
1985776617,52.0650521,-1.3355093,{}
1985776494,52.0650238,-1.3354851,{}
1025742659,52.0649775,-1.335442,{}
1025742649,52.0650077,-1.3354427,{}
9876035817,52.064949,-1.3354086,{}
1985776616,52.0650451,-1.3354408,{}
1985776681,52.0650737,-1.3354328,{}
1985776420,52.0650993,-1.335418,{}
1982106856,52.0649949,-1.3351512,{}
1982106808,52.0654116,-1.3346458,{}
1025742641,52.0654299,-1.3345249,{}
1025742706,52.0654071,-1.3344846,{}
1982106942,52.0654818,-1.3345106,{}
1982107052,52.0653793,-1.3344246,{}
1025742608,52.0653657,-1.3343807,{}
602362686,52.0655131,-1.3338895,{}
1982106988,52.0655011,-1.3338334,{}
1982107117,52.0656616,-1.3338623,{}
1985636712,52.0657952,-1.3337623,{}
602362709,52.065964,-1.3333947,{}
1985636552,52.0659916,-1.3333125,{}
1985636569,52.066026,-1.3332286,{}
1985636818,52.0664711,-1.3327736,{}
370452925,52.0666658,-1.3327076,{}
370452926,52.0667214,-1.3326984,{}
370452927,52.0667698,-1.3326946,{}
370452928,52.0668119,-1.3326954,{}
370452931,52.0672889,-1.3327921,{}
370452932,52.0673388,-1.3328386,{}
1985636430,52.0689105,-1.3326864,{}
1985636425,52.0689492,-1.3326493,{}
1985636799,52.0702075,-1.3323826,{}
1985636374,52.0702875,-1.332466,{}
1985636461,52.0703562,-1.3325213,{}
1985636717,52.0704199,-1.3325585,{}
1985636464,52.0707911,-1.3323376,{}
602320356,52.0708536,-1.3319676,{}
1985636475,52.0708842,-1.3319112,{}
602320357,52.0709105,-1.3318723,{}
1611154318,52.0711599,-1.3319165,{}
602320270,52.0712574,-1.3317681,{}
1985636440,52.0712861,-1.3317524,{}
1985636657,52.0714611,-1.3320521,{}
1985636576,52.0714883,-1.3321352,{}
1985636443,52.0717315,-1.3321017,{}
2461126556,52.0720968,-1.3307009,{'barrier': 'gate'}
2075439747,52.0719053,-1.3272309,{}
456713377,52.0719675,-1.3272054,{}
2075439784,52.0731907,-1.3252207,{}
2075439540,52.0732085,-1.3251197,{}
2075439861,52.0732313,-1.3250092,{}
2075439679,52.0733426,-1.3249499,{}
12039416592,52.0734707,-1.3250563,{}
2639108198,52.0738185,-1.3259117,{}
12039416603,52.0738472,-1.3250784,{'highway': 'crossing'}
6877956250,52.073707,-1.3247662,{}
2075439769,52.0730908,-1.3259529,{}
2075439539,52.0718837,-1.3277204,{}
370453273,52.0719301,-1.3279502,{}
587655712,52.0719627,-1.3282348,{}
370453271,52.0721203,-1.3293074,{}
1985636828,52.0718565,-1.3322922,{}
567611,52.0716696,-1.3344824,{}
3055725015,52.0720199,-1.3350642,{}
2007375151,52.0760597,-1.3370025,{}
2007374897,52.0760851,-1.3368934,{}
8579133293,52.0760496,-1.3368338,{}
2007374919,52.076106,-1.3368466,{}
2007375179,52.0761338,-1.3367982,{}
2007375381,52.0761675,-1.3367544,{}
2007375235,52.0762005,-1.3367231,{}
2007375119,52.076238,-1.3366985,{}
2007375278,52.0762788,-1.3366812,{}
2007375171,52.0763474,-1.3366825,{}
8531511704,52.0781559,-1.3368167,{}
603017945,52.0781737,-1.3366988,{}
8531511707,52.0787662,-1.3367674,{}
2005670743,52.0818045,-1.3368054,{}
2005364521,52.0818447,-1.3368659,{}
2005671388,52.0818248,-1.3368785,{}
2005364569,52.0818936,-1.3369059,{}
301508113,52.0819474,-1.3369222,{}
2005671145,52.0818396,-1.3369469,{}
2005671009,52.0819835,-1.3369579,{}
2005671278,52.0819734,-1.337004,{}
2005671293,52.0818526,-1.337049,{}
2005671427,52.0819526,-1.3370924,{}
5111411700,52.0819932,-1.3371151,{}
8904652333,52.0818338,-1.3373224,{}
8725428800,52.0818918,-1.3384768,{}
1628235131,52.0814807,-1.3422176,{}
370923140,52.081033,-1.3444512,{}
1628234846,52.0801241,-1.346304,{}
1628235195,52.0784213,-1.3494408,{}
602478541,52.07828,-1.3502939,{}
1628234937,52.0787378,-1.3519058,{}
2121570362,52.0793191,-1.353472,{}
347777976,52.0795499,-1.3532529,{}
347777979,52.079531,-1.3531895,{}
8866152499,52.0795009,-1.3531389,{}
8866152500,52.0794626,-1.353106,{}
347777940,52.07942,-1.3530941,{}
347777954,52.0793809,-1.3531026,{}
8866152501,52.0793448,-1.3531288,{}
2121570358,52.0793028,-1.3530479,{}
2121570364,52.0793359,-1.3529761,{}
1628241119,52.0792921,-1.3529473,{}
4635822085,52.0790533,-1.3524532,{}
2121570341,52.0790357,-1.3524167,{}
2121570334,52.0787216,-1.3514896,{}
2121570332,52.0786735,-1.3512765,{}
346413900,52.078644,-1.3510899,{}
2121570328,52.078607,-1.3508338,{}
1628241135,52.0785795,-1.3505127,{}
2121570326,52.0785651,-1.3501996,{}
1628536845,52.0786033,-1.3494365,{}
2121570330,52.07865,-1.349141,{}
346413904,52.0787118,-1.3488577,{}
2121570336,52.0787912,-1.3485434,{}
1628536955,52.079019,-1.3479451,{}
2121570349,52.0791287,-1.3477178,{}
346413909,52.079224,-1.3475611,{}
2121570360,52.0793149,-1.3474332,{}
2121570376,52.0795715,-1.3471377,{}
2121570377,52.0795968,-1.3470629,{}
347778107,52.0796785,-1.3470271,{}
346413918,52.0796674,-1.3469907,{}
347778105,52.0796614,-1.3469513,{}
347778098,52.0796941,-1.3470588,{}
2121570382,52.0797135,-1.3470843,{}
347778089,52.0798836,-1.3469978,{}
347778117,52.0798913,-1.3469513,{}
346413927,52.0798914,-1.3469009,{}
347778121,52.0798833,-1.3468523,{}
1356277093,52.0798676,-1.3468088,{}
2121570386,52.0798454,-1.3467737,{}
1356277127,52.0798159,-1.346748,{}
347778094,52.079783,-1.346737,{}
1356277061,52.0797486,-1.3467421,{}
1356277125,52.0796118,-1.3465974,{}
1628234961,52.0795702,-1.3467452,{}
8866157628,52.0791388,-1.3473183,{}
1628234989,52.0788416,-1.3477738,{}
1628235191,52.0783949,-1.3498673,{}
1628235194,52.0783998,-1.3501811,{}
602478540,52.0783113,-1.3504173,{}
602478539,52.078341,-1.3504683,{}
602478537,52.0783904,-1.3505005,{}
602478536,52.0784366,-1.3505058,{}
9013973419,52.0785721,-1.3518598,{}
9013973417,52.0786839,-1.3522318,{}
383236358,52.0786767,-1.3523218,{'highway': 'turning_circle'}
9013973436,52.0787266,-1.3523511,{}
1628235227,52.0788581,-1.3524181,{}
9013973437,52.0788095,-1.3525473,{}
9013973438,52.0790034,-1.3529902,{}
1628235220,52.079107,-1.3530202,{}
9013973439,52.0790574,-1.3530993,{}
9013973440,52.0790708,-1.3532185,{}
9013973446,52.0791868,-1.3532553,{}
9013973441,52.0790654,-1.3533207,{}
9013973442,52.0790566,-1.3533909,{}
602680337,52.0792202,-1.3533538,{}
347777960,52.0792944,-1.3534137,{}
347777965,52.0793444,-1.3535059,{}
347777947,52.079374,-1.3535291,{}
2121570366,52.0793955,-1.3535954,{}
346413895,52.0794157,-1.353541,{}
8866152498,52.0794576,-1.3535317,{}
2121570372,52.0795043,-1.3536168,{}
2121570374,52.0794958,-1.3535022,{}
5091947325,52.0796062,-1.3535964,{}
347777969,52.0795273,-1.3534538,{}
347777973,52.0795479,-1.3533919,{}
347777943,52.0795557,-1.3533227,{}
2121570338,52.078916,-1.3521304,{}
346413898,52.0788096,-1.3518202,{}
346413902,52.07857,-1.3498371,{}
346413907,52.0788716,-1.3483108,{}
2121570368,52.0794285,-1.3472884,{}
2121570378,52.0796302,-1.3471346,{}
2121570383,52.0797358,-1.3471025,{}
1356277088,52.0797647,-1.3471134,{}
347778111,52.0797943,-1.3471121,{}
1356277055,52.0798227,-1.3470987,{}
1356277123,52.0798481,-1.347074,{}
347778113,52.0798689,-1.3470396,{}
2121570390,52.0799651,-1.3468235,{}
2121570392,52.0799765,-1.346754,{}
2121570389,52.0799331,-1.3467448,{}
2121570394,52.0800389,-1.3466939,{}
346413936,52.0808051,-1.3454921,{}
1628234985,52.0809223,-1.3452113,{}
346413939,52.0812523,-1.3442216,{}
2121570470,52.0813034,-1.3441709,{}
2121570468,52.0812722,-1.3440645,{}
346413941,52.0813285,-1.3439943,{}
347778158,52.0812973,-1.3439586,{}
370923141,52.0811736,-1.3439117,{}
347778151,52.0812609,-1.3438482,{}
1356277151,52.0812601,-1.3437835,{}
347778146,52.0812734,-1.3437162,{}
347778136,52.0813,-1.3436602,{}
2121570471,52.0813368,-1.3436225,{}
347778176,52.0813722,-1.3436081,{}
1356277131,52.0814087,-1.343611,{}
2121570475,52.0814653,-1.3435064,{}
2121570476,52.0814995,-1.3434327,{}
346413944,52.0815299,-1.3433152,{}
346413945,52.0816373,-1.3426561,{}
370923144,52.0815566,-1.3424234,{}
1594710708,52.0818862,-1.3415712,{}
1594710591,52.081961,-1.3412647,{}
1594710562,52.0819093,-1.3412547,{}
1628235113,52.0818466,-1.341238,{}
1490205542,52.0818487,-1.3412183,{}
5111411705,52.0819821,-1.3403373,{}
11058152060,52.0819249,-1.3403247,{'highway': 'crossing'}
5111411704,52.0819932,-1.3401253,{}
1628235048,52.081948,-1.3399686,{}
2005671353,52.0819618,-1.3395567,{}
5111411703,52.0820141,-1.3395037,{}
2005670928,52.0819633,-1.3387916,{}
5111411702,52.0820168,-1.3386096,{}
370923148,52.0818106,-1.3370386,{}
2121267523,52.0817905,-1.3369025,{}
603017926,52.0816112,-1.336411,{}
603017923,52.0812537,-1.3364028,{}
8904686026,52.0811576,-1.33639,{}
1097074088,52.080603,-1.3366222,{}
5078335866,52.080302,-1.3365695,{}
8531511714,52.0803001,-1.3366679,"{'crossing': 'unmarked', 'highway': 'crossing'}"
8531511703,52.0799828,-1.3365841,{}
5078335857,52.0797502,-1.3367793,"{'crossing': 'unmarked', 'highway': 'crossing'}"
8726330550,52.0793461,-1.3366865,{}
8531511701,52.0790206,-1.3367366,{}
2072389526,52.0766393,-1.3366212,{}
603017995,52.0763582,-1.3368054,{}
2007374887,52.0760653,-1.3369498,{}
603017986,52.0747758,-1.3370543,{}
8904655923,52.0746667,-1.3370774,{}
2007374846,52.0740573,-1.3372064,{}
603017985,52.0737976,-1.3372716,{}
602320319,52.0719726,-1.3352083,{}
3055725014,52.0719678,-1.3351957,{}
2072389456,52.0718882,-1.3349781,{}
602320309,52.0718678,-1.3349077,{}
602320306,52.0718735,-1.3333858,{}
2072389282,52.0718763,-1.3333504,{}
2072389423,52.0718821,-1.3333107,{}
2072388987,52.071892,-1.3332738,{}
2075439667,52.0717139,-1.327411,{}
2075439596,52.071701,-1.3274164,{}
2075439705,52.0716933,-1.327431,{}
602319855,52.0717341,-1.3274205,{}
602319856,52.0716803,-1.3275393,{'barrier': 'bollard'}
370453272,52.0719799,-1.3283402,{}
10273464891,52.0719718,-1.33067,{}
455915522,52.0719191,-1.3312139,{}
2089825152,52.0719797,-1.3318829,{}
2024924931,52.071955,-1.3318048,{}
455915500,52.071842,-1.3276035,{}
370453595,52.0731207,-1.3257126,{}
12039416594,52.0732882,-1.3250319,{}
2075439876,52.0734421,-1.3249862,{}
12039416602,52.0735333,-1.3250602,{}
6749365986,52.0735275,-1.3251704,{'barrier': 'gate'}
12039416591,52.0737804,-1.3250757,{}
